confirm_date,from,to,pair,arm_date,arm_pct,max_dislocation_pct,daily_reversal_pct,confirm_deviation_pct
2023-11-01,TWT,AVAX,TWT/AVAX,2023-10-31,19.7951,19.7951,6.7627,14.2677
2023-11-01,TRX,AVAX,TRX/AVAX,2023-10-31,27.5813,27.5813,4.7205,24.1206
2023-11-03,AAVE,AVAX,AAVE/AVAX,2023-10-31,25.2560,30.5030,4.0286,27.5729
2023-11-09,XRP,BNB,BNB/XRP,2023-11-06,18.8788,18.8788,5.4600,12.1317
2023-11-13,AVAX,BNB,BNB/AVAX,2023-11-10,21.6004,58.2533,12.8492,37.7196
2023-11-13,FIL,XRP,FIL/XRP,2023-11-12,15.7161,15.7161,4.0150,12.3321
2023-11-13,ALGO,BNB,BNB/ALGO,2023-11-12,25.7515,25.7515,6.3770,17.7323
2023-11-14,XRP,BNB,BNB/XRP,2023-11-13,17.2979,17.2979,6.5231,9.4034
2023-12-06,PEPE,BNB,PEPE/BNB,2023-12-04,20.4988,31.9321,7.9369,26.4556
2023-12-29,BNB,TRX,BNB/TRX,2023-12-27,17.5705,17.5705,3.5703,14.6275
2024-01-14,TRX,XRP,TRX/XRP,2024-01-13,16.7791,16.7791,3.0106,14.2211
2024-06-19,XRP,ALGO,ALGO/XRP,2024-06-17,23.6455,30.3488,3.0809,26.1008
2024-07-06,ALGO,FIL,FIL/ALGO,2024-07-05,18.3280,18.3280,5.5813,11.7238
2024-11-25,FIL,TWT,TWT/FIL,2024-11-22,20.9836,28.4911,3.6242,23.8343
2024-12-07,TWT,BNB,TWT/BNB,2024-12-05,15.5945,19.0339,6.4092,13.8446
2025-02-01,BNB,TWT,TWT/BNB,2025-01-28,15.4889,15.4889,3.0745,11.6185
2025-02-09,TWT,FIL,TWT/FIL,2025-02-08,15.2420,15.2420,3.2373,12.1976
2025-03-02,FIL,PEPE,PEPE/FIL,2025-02-28,16.3101,21.1429,5.4818,14.5021
2025-05-12,PEPE,XRP,PEPE/XRP,2025-05-08,15.2843,29.5996,7.3947,24.3937
2025-05-20,XRP,ALGO,ALGO/XRP,2025-05-12,20.5050,22.0350,3.6935,9.5671
2025-07-15,ALGO,AVAX,AVAX/ALGO,2025-07-13,24.5077,31.6396,4.1686,26.1520
2025-07-23,AVAX,TWT,TWT/AVAX,2025-07-20,15.8464,20.7726,3.7655,16.2249
2025-09-21,TWT,FIL,TWT/FIL,2025-09-18,15.9010,47.9647,15.4554,39.8868
2025-11-08,FIL,PEPE,PEPE/FIL,2025-11-06,51.5719,142.6844,11.2197,115.4560
2026-01-05,PEPE,AVAX,PEPE/AVAX,2026-01-02,19.5256,30.5432,4.0110,27.7573
2026-02-12,AVAX,TWT,TWT/AVAX,2026-02-10,18.0440,19.9770,7.9117,10.4847
2026-05-18,TWT,AAVE,TWT/AAVE,2026-05-16,15.3514,15.3514,3.8203,12.1176
2026-06-28,AAVE,XRP,AAVE/XRP,2026-06-26,15.5592,15.5592,3.7564,12.3872
2026-07-03,XRP,PEPE,PEPE/XRP,2026-06-25,16.4743,18.9373,9.6762,7.2902
2026-08-25,PEPE,TWT,TWT/PEPE,2026-08-21,25.9805,25.9805,14.8627,7.1442
2026-09-01,TWT,FIL,TWT/FIL,2026-08-25,25.7893,36.5034,9.3657,30.5565
2026-09-14,FIL,AVAX,AVAX/FIL,2026-09-13,23.0513,23.0513,5.2801,16.3565
2026-09-21,AVAX,BNB,BNB/AVAX,2026-09-20,26.2122,26.2122,4.0592,21.0890
2026-09-23,BNB,TRX,BNB/TRX,2026-09-17,15.6811,19.8655,3.4184,17.1261
