period,m2_value,period_date
2020-01-31,15425.0,2020-01-31
2020-02-29,15492.8,2020-02-29
2020-03-31,16034.4,2020-03-31
2020-04-30,17064.0,2020-04-30
2020-05-31,17931.9,2020-05-31
2020-06-30,18180.0,2020-06-30
2020-07-31,18331.4,2020-07-31
2020-08-31,18413.3,2020-08-31
2020-09-30,18605.0,2020-09-30
2020-10-31,18759.9,2020-10-31
2020-11-30,19002.4,2020-11-30
2020-12-31,19119.4,2020-12-31
2021-01-31,19375.3,2021-01-31
2021-02-28,19641.4,2021-02-28
2021-03-31,19874.5,2021-03-31
2021-04-30,20174.1,2021-04-30
2021-05-31,20457.5,2021-05-31
2021-06-30,20472.7,2021-06-30
2021-07-31,20630.0,2021-07-31
2021-08-31,20844.0,2021-08-31
2021-09-30,20985.4,2021-09-30
2021-10-31,21164.2,2021-10-31
2021-11-30,21340.9,2021-11-30
2021-12-31,21502.8,2021-12-31
2022-01-31,21647.4,2022-01-31
2022-02-28,21725.6,2022-02-28
2022-03-31,21788.1,2022-03-31
2022-04-30,21768.4,2022-04-30
2022-05-31,21718.0,2022-05-31
2022-06-30,21647.0,2022-06-30
2022-07-31,21649.2,2022-07-31
2022-08-31,21641.9,2022-08-31
2022-09-30,21541.3,2022-09-30
2022-10-31,21464.2,2022-10-31
2022-11-30,21409.5,2022-11-30
2022-12-31,21293.2,2022-12-31
2023-01-31,21274.0,2023-01-31
2023-02-28,21240.2,2023-02-28
2023-03-31,20942.3,2023-03-31
2023-04-30,20758.2,2023-04-30
2023-05-31,20829.4,2023-05-31
2023-06-30,20798.9,2023-06-30
2023-07-31,20792.2,2023-07-31
2023-08-31,20782.0,2023-08-31
2023-09-30,20753.6,2023-09-30
2023-10-31,20737.4,2023-10-31
2023-11-30,20749.7,2023-11-30
2023-12-31,20779.9,2023-12-31
2024-01-31,20835.5,2024-01-31
2024-02-29,20921.7,2024-02-29
2024-03-31,20965.9,2024-03-31
2024-04-30,20955.4,2024-04-30
2024-05-31,21021.6,2024-05-31
2024-06-30,21070.7,2024-06-30
2024-07-31,21098.9,2024-07-31
2024-08-31,21192.0,2024-08-31
2024-09-30,21275.6,2024-09-30
2024-10-31,21336.6,2024-10-31
2024-11-30,21454.7,2024-11-30
2024-12-31,21487.6,2024-12-31
2025-01-31,21539.3,2025-01-31
2025-02-28,21607.2,2025-02-28
2025-03-31,21684.1,2025-03-31
2025-04-30,21770.8,2025-04-30
2025-05-31,21836.1,2025-05-31
2025-06-30,21942.6,2025-06-30
2025-07-31,22025.6,2025-07-31
2025-08-31,22092.6,2025-08-31
2025-09-30,22176.1,2025-09-30
2025-10-31,22249.8,2025-10-31
2025-11-30,22279.8,2025-11-30
2025-12-31,22355.3,2025-12-31
2026-01-31,22413.4,2026-01-31
2026-02-28,22598.7,2026-02-28
2026-03-31,22640.3,2026-03-31
2026-04-30,22756.6,2026-04-30
2026-05-31,23013.7,2026-05-31
2026-06-30,23114.9,2026-06-30
2026-07-31,23217.9,2026-07-31
2026-08-31,23342.8,2026-08-31
